cluster_id,unique_id,first_name,surname,dob,city,email,cluster
1,2,Rob,Allen,1971-06-24,London,roberta25@smith.net,0
7,9,Evie,Dean,2015-03-03,Pootsmruth,evihd56@earris-bailey.net,3
12,12,Hall,Isla,1985-02-07,London,islahall97@gutierrez-bennett.com,4
14,14,Oliver,Griffiths,1991-10-26,Lunton,o.griffiths90@reyes-coleman.com,5
19,19,Rowe,Caleb,1992-12-20,Lvpreool,calebr@thompson.org,8
21,21,Darcy,Bernass,1986-02-04,Southampton,darcy.b@silva.com,9
22,24,Thoas,Green,1974-10-05,London,thomas.green@clark.org,10
25,25,Gabriel,Thomas,1977-09-13,London,gabriel.t54@nichols.info,11
26,26,Thomas,Gabriel,1976-09-15,Loodon,gabriel.t54@nnichls.info,11
26,28,Thomas,Gabriel,1976-09-15,London,gabriel.t54@nichols.info,11
26,30,Thomas,Gabriel,1976-09-15,London,gabriel.t54@nlchois.info,11
31,32,Lola,Brown,1983-11-06,Bradford,lola.b@martinesz-jone.net,12
37,37,Theodore,Morris,1978-08-19,Birmingham,t.m39@brooks-sawyer.com,13
37,39,Theodore,Morris,1978-08-19,Birmingham,t.m39@brooks-sawyer.com,13
37,40,Theodore,Mosrir,1978-09-19,Birminghaim,t.m39@brooks-sawyer.com,13
37,43,Theodore,Morris,1978-08-19,Birmingham,t.m39@brooks-sawyer.com,13
47,47,Erin,Rogers,2010-01-02,London,e.rogers3@hopkins.org,15
51,52,Jyayden,Bnennet,2017-01-11,Snawseaa,jb88@king.com,16
51,53,Jayden,Bennett,2017-01-11,Swwanea,jb88@king.com,16
51,54,Jayden,Bennett,2017-01-11,Swansea,jb88@king.com,16
51,56,Jayden,Bennett,2017-02-10,Swansea,jb88@king.com,16
51,57,Jayaned,Bennett,2017-01-11,swansea,8jb88@king.com,16
63,63,Adam,Jsneo,1982-10-12,Bristol,ajones6@cortez-wilcox.com,19
63,64,Adaam,Jones,1982-10-11,Bristol,ajones6@cortez-wilcox.com,19
63,65,Adam,Jones,1992-09-11,oBristl,ajones6@cortez-wilcox.com,19
68,69,Reggie,Mason,1986-09-09,Coventry,r..m51@leonard.net,20
73,73,Jones,Willow,1990-07-12,Wolverhampton,wilowjones14@whitney-wimlkersonc.om,21
74,74,Ronni,Begum,2003-10-15,London,r.b80@ellis-berry.com,22
75,77,Elizabeth,Mason,1996-11-10,Leicester,emason@ware.com,23
75,78,Elizabeth,Mason,1997-12-10,Leicester,em@aosn@ware.com,23
79,79,Ryan,Cole,1987-05-25,Brritsol,r.cole1@ramirez-anthony.com,24
79,84,Ryan,Cole,1988-05-27,Bristol,r.cole1@ramtrez-anihony.com,24
85,85,Charlotte,Johnson,2022-02-02,Telford,charlottej68@lee-taylor.org,25
85,86,Charlotte,Johnson,2012-01-06,fTelford,charlottej68@lee-taylor@.org,25
87,87,Lex,Gorodon,1994-10-01,Birmingham,l.gordon34@french.com,26
90,90,Osacar,Moore,2016-01-12,Liverpool,omoore64@randall.com,27
90,91,Moore,Oscar,2016-01-12,Liverpool,omoore64@randall.com,27
90,93,Moore,Oscar,2016-01-12,Liverpool,omoore64@randall.com,27
90,94,Oscra,Moore,2016-01-12,Liverpool,omoore64@randall.com,27
90,95,Ocar,Moore,2016-01-12,Liverpool,omoore64@randall.com,27
96,96,Elanor,Eavns,2008-08-27,Bristol,e.e@day.com,28
101,101,Alfie,Griffiths,2008-05-07,Plymouth,a.griffiths@garner-bridges.com,29
101,104,Griffiths,Alfie,2008-05-07,Plymouth,a.griffiths@garner-bridges.com,29
101,105,Alfie,Griffiths,2008-05-07,Plymouth,a.griffiths@garner-bridges.com,29
106,106,Miaisie,Walsh,2005-08-20,Bimminghar,maiie.walsoh@hodge.com,30
106,107,Maisie,Walsh,2005-08-20,Birmingham,maisie.walsh@hodge.com,30
109,110,Oliver,Atkinnos,2009-12-21,London,oliver.atkinson@moran-smith.com,31
109,112,Oliver,Atkinson,2010-01-20,London,oliver.atkinson@moran-smith.com,31
109,114,Oliver,Atkinson,2009-12-21,London,oliver.atkinson@moran-smith.com,31
116,116,Ryyan,Bond,1997-11-25,London,rbond58@chavez.com,32
117,117,James,Davies,1976-01-04,London,jamesd75collins.biz,33
118,119,Dylan,Macdonald,1985-10-15,Lodon,dmacdonald@rivers-glass.biz,34
120,120,Macdonald,Dylan,1986-09-15,Lonodnn,dracdonald@rivers-glass.biz,34
123,123,Harley,Kra,1973-10-27,Mancheeser,harleyk@houston.net,35
124,124,Kaur,Harley,1983-11-24,Manchester,haoleyk@hrustonnet,35
123,125,Harley,Kaur,1973-11-26,Mancseter,harleyk@houston.net,35
129,129,Matilda,Barker,1990-03-08,Reading,m.b@bell-brown.com,36
129,132,Matilda,Brker,1990-03-08,Rading,m.b@bell-brown.com,36
137,137,James,Campbell,2011-10-10,London,jc@herring.info,38
137,139,James,Campbell,2011-10-10,London,joc@hrning.irfo,38
137,140,James,Campbell,2012-11-06,London,jc@herring.info,38
137,141,James,Campbell,2011-10-10,London,jc@herring.info,38
142,143,Harry,May,1988-11-25,Cardiff,hmay3@richarsson-rhooded.com,39
142,144,Harry,May,1987-10-28,Cardiff,hmay32@richardson-rhodes.com,39
142,146,Harr,May,1987-10-28,Cardiff,hmay32@richardson-rhodes.com,39
142,147,Harry,May,1987-10-28,Cardiff,hmay32@richardson--rhodes.com,39
148,150,Alfie,Kelly,2020-09-05,Birminmhag,alfiekelly@walters.com,40
153,153,Jacob,Smith,2019-11-21,Bolton,js37@rodriguez-vega.com,42
155,155,Auutsin,Wright,1993-03-27,Manchester,a.wright42@estrada.org,44
159,162,Thomson,Holly,1985-05-21,London,hollythomson3@levine-jones.com,45
165,166,Elizabeth,Wright,1994-02-03,Swansea,elizabeth.w@sullivan-anderson.info,46
165,168,Elizabeth,Wright,1994-02-01,Swasea,elizabeth.w@sullivan-anderson.info,46
165,169,Elizaeth,Wright,1994-02-01,awansS,elizabeth.w@sullivan-anderson.info,46
171,172,Leah,Russell,2012-07-06,London,leahrussell@charles.net,47
171,174,Leah,Russell,2012-07-09,London,leahrussell@charles.net,47
171,175,Lheah,Russell,2011-07-10,Londoon,leahrussell@charles.net,47
176,176,Elelie,Ellis,2005-12-08,London,elliee@guzman.com,48
181,181,Freddie,Holmes,1992-10-02,Kingston-upon-Hull,fholmes@duncan.com,49
181,182,Freddie,Holmes,1993-10-02,Kingston-upon-Hull,fholmes@duncan.com,49
181,183,Freddie,Hsmel,1992-10-01,Kingston-upon-Hull,f@holmes@duncan.com,49
181,186,Freddie,Holmes,1993-11-03,Kingston-upon-Hull,fholmes@duncan.com,49
187,187,Maryam,Lee,1981-03-30,Manchester,ml@oconnell.com,50
190,192,Isla,Pricie,2015-03-03,Loddon,iprice@carr.com,52
190,193,Isal,Price,2014-03-31,London,iprice@carr.com,52
196,196,Arthur,Both,2007-09-13,Leeds,arthurbooth25@romero-onovan.com,53
200,200,George,Taylor,1984-10-27,Huddersfield,g.t51@rodriguez.com,54
204,204,Isla,Payne,1997-02-28,Mansfield,islaabpayne@.utler.org,55
207,210,Elliot,Page,1979-04-23,London,e.page13@dyer-williams.com,56
216,216,Luca,Stephens,2010-06-22,Boltno,lucas.harrington@com,57
220,220,Logan,serguFon,2023-11-14,London,l.feruson46@sahh.com,58
224,224,Logn,Feeruson,2013-10-15,London,l.fergson46@shah.com,58
226,226,Julia,Smith,2014-05-24,Luton,julia.smith@english.org,59
226,228,Julia,Smith,2004-04-26,Luton,julia.smith@english.org,59
229,229,George,Davies,1977-12-07,Londdon,g.davies36@ford-graves.com,60
229,230,George,Davies,1978-12-09,London,g.davies36@ford-graves.com,60
234,234,Lucy,Arnold,1976-05-03,Stoke-on-Trent,l.a1@shelton-vaughan.com,61
237,237,Fera,hhS,1970-12-17,London,f.s@flynn.com,62
237,238,Shah,Freya,1970-12-17,London,f.s@flynn.com,62
237,239,Freya,Shah,1972-01-17,London,f.s@flynn.com,62
244,244,Joshua,Williams,2002-08-08,Portsmouth,j.williams@levine-johnson.com,64
254,255,foSia,Russell,2015-08-05,London,sofiarussell9@rivera.com,65
254,257,Sofia,Russell,2014-09-03,London,sofiarussell9@rivera.com,65
259,263,Olver,Hugues,1973-03-09,Northampton,ohughes@page-kim.info,66
259,264,Olvevr,Hughes,1973-03-09,Northampton,ohughes@page-kim.info,66
265,265,Simmons,Henry,2019-01-31,Leeds,hsimmons@roberts.com,67
266,266,Henry,Simmons,2019-01-31,Leeds,hsimmons@robebrts.com,67
270,270,Brooks,Lydia,2016-02-13,Lpveriool,lbrooks9@miller.org,68
268,271,Lydia,Brooks,2026-02-10,Liverpool,lbrooks9@omiller.org,68
273,273,Aav,Palmer,2017-10-18,Northampton,ava.p37@smith.biz,70
274,274,Lola,aTlylor,2016-11-20,Aberdeen,lolat86@bishop-gilees.com,71
274,277,Lola,Taylor,2017-11-21,Aberdeen,lolat86@bishop-giles.om,71
278,278,Taylor,Lola,2016-10-23,Aberdeen,lolat86@bishop-gilels.com,71
274,279,Lola,Taylor,2017-11-20,Aberdeen,lolat86@bishop-giles.com,71
274,280,Lola,Taylor,2016-11-20,Aberdeen,lolat86@bishop-giles.com,71
286,287,Bailey,Freddie,1986-02-04,Huddersfield,fbailey@schneider.biz,75
290,290,Lee,Jackson,2010-11-10,Belfast,j.leeo6@robeson.c8m,76
289,292,Jackson,Lee,2009-11-10,Belfast,j.lee86@roberson.com,76
289,295,Jakcsson,Lee,2009-11-10,Belfast,j.lee86@roberson.com,76
300,300,Harrison,Marshall,1975-09-11,Southampton,harrisonm@patrick.com,79
301,301,Harrosin,Marshall,1974-09-11,Southampton,harrisonmk@ptrick.com,79
302,302,Charlie,Andrews,2023-11-01,Liverpool,candrews15@thompson.net,80
302,303,Charlie,Andresw,2013-12-05,Liverpool,candrews15@thompson.net,80
305,307,Harley,Ros,2000-07-16,Swindon,harley.rose50@sawyer-lin.org,81
305,308,Harley,Ros,2000-07-16,Swindon,harley.rose50@sawyer-lin.org,81
312,312,Lily,Watson,1985-05-10,Londno,lilyw82@krause.org,84
315,315,Daisy,Hugghes,2001-05-11,Manchester,dh@powell.net,85
315,318,sDasy,Hughes,1991-05-16,Manchester,dh@powell.net,85
315,319,Daisy,Hghes,1991-05-16,Manchesetr,dh@powell.net,85
320,320,Amelia,Fletcher,1987-03-28,Bristo,ameliafletcher22@diaz.com,86
320,322,AAmelia,Fletche,1987-05-28,Boisttrl,ameliafletcher22@diaz.com,86
320,323,Amelia,Fletcher,1987-04-29,Bristol,ameliafletcher22@diaz.com,86
325,325,Kai,Turner,2008-12-03,London,k.t50@hernandez.com,87
325,327,Kai,Turner,2008-12-03,Londo,k.t50@hernandez.com,87
330,333,Eleanor,Richards,2014-07-10,Mancester,e.richards16@finley.info,88
335,335,Scarlett,Payne,1984-06-30,Salford,scarlett.payn88@morton.info,89
335,337,Scarlett,Payne,1974-07-03,Salfoard,scarlett.payne88@morton.info,89
339,339,Rose,Wood,2004-12-21,Readng,rosewood@coleman.org,90
339,340,Rose,Wood,2004-12-22,Reading,rosewood@coleman.org,90
341,341,Finyel,Jackson,2004-08-22,Prtsmouth,f.jackson32@moore.com,91
342,345,William,Nicholson,2006-12-21,Reading,williamn@curry-flores.com,92
342,348,Nicholson,William,2006-12-21,Reading,williamn@curry-flores.com,92
349,349,Scarlett,Smith,1994-03-04,Southend-on-Sea,scarlett.s@brown-johnson.org,93
349,351,Scarlett,Smith,1993-03-01,Southend-on-Sea,scarlett.s@brown-johnson.org,93
349,352,Scarlett,Smith,1993-03-03,Southend-on-Sea,scarlet.srb@own-johnson.org,93
353,353,Jayden,Thomas,2010-02-12,Mansfield,j.t@pierce.bi,94
353,355,Jayden,Thsomas,2009-03-15,Mansfield,j.t@pierce.biz,94
353,356,Jayden,Thomas,2009-04-15,Mansfield,j.t@pierceeib.z,94
364,364,Samuel,Campbell,2018-09-24,Newcastle-upon-Tyne,samuelcampbell35@hebert.com,96
364,365,Samuel,Campbell,2018-09-23,Newcastle-upon--Tyne,samuelcampbell35@hebert.com,96
364,369,Samuel,Campbell,2019-08-25,Newcastle-upon-Tyne,samuelcampbell35@hebert.com,96
373,373,Rubnen,James,1976-08-22,Leicester,r.james@jack.son.com,97
374,375,Eliza,Taylor,1993-02-08,Glasgow,elizataylor@marshall.com,98
374,377,Eiza,Taylor,1984-02-10,Glasgow,elizataylor@marshall.com,98
374,378,Eliza,Taylor,1983-12-15,Glasgow,elizataylor@marshall.com,98
374,379,Ezia,Taylor,1983-01-12,Glasgow,elizataylor@marshall.com,98
381,381,Benjamin,Lopz,2002-01-09,London,benjaminlopez78@ingram.com,99
381,382,Benjamin,Lopez,2003-01-09,Lodon,benjaminlopez78@ingram.com,99
384,386,Lottie,Davis,1972-06-12,StSockton-on-Tees,lottie.d7@morgan-pierce.com,100
389,389,Isaa,James,1991-05-06,Lonndon,isaac.iames@smjth.com,101
389,390,Icsac,James,1991-05-06,London,isaac.james@smith.com,101
395,395,Evie,Davidson,1982-07-18,Leeds,evied62@bishop.info,102
395,396,Evie,Davidson,1982-07-19,Leeds,evied62@bishop.info,102
398,402,James,Dixon,1991-04-12,Loodnon,james.d@merritt-scott.com,103
405,407,Lexi,Cooe,1996-10-16,Sundarlend,l.cooke@thompson-williams.info,104
408,408,Harry,Martin,2003-07-22,Derby,hm24@miller-roman.om,105
409,409,Emily,Atkinson,2017-05-03,London,emilya@roberts.com,106
415,415,Brown,Florence,2002-02-25,London,fb@reese.com,108
416,417,Florence,Brown,2002-02-24,London,fb@reose.cem,108
415,418,Brown,Florence,1993-03-01,Loonon,f@b@reese.com,108
416,419,Florence,Brown,1992-02-28,London,fb@reese.com,108
420,420,Scarlett,Cunningam,2016-01-09,London,s.cunningham@pineda.com,109
421,422,Alfie,Robestsr,1995-01-10,London,ar20@miller-torres.org,110
421,424,Alfie,Roberts,1995-01-10,Lodon,ar20@miller-torres.org,110
421,425,Alfie,Roberts,1995-01-10,London,ar20@miller-torres.org,110
427,428,Archie,Soctt,1984-09-19,Liverpool,a.s@humphrey.com,111
427,429,Archie,Scott,1974-08-21,Liverpool,a.s@humphrey.com,111
427,430,Archie,Scott,1974-08-21,Liverpool,a.s@humphrey.com,111
427,431,Areceih,Scott,1974-08-21,Liverpool,a.s@humphrey.com,111
433,433,Hugo,Kaur,1973-03-23,London,h.k@shhrp.com,112
433,434,Hugo,Kaur,1983-04-20,London,h.k@sharp.com,112
433,437,Hug,Kaur,1973-03-23,London,h.k@sharp.com,112
438,438,Hogu,Kuar,1973-03-23,London,h.k.sharpp@com,112
440,440,Campbell,Jacob,1987-06-06,London,j.c65@ortiz.com,113
439,441,Jacob,Campbell,1987-06-06,London,j.c65@ortiz.com,113
439,442,Jacob,Campbell,1987-06-06,London,j.c65@ortiz.com,113
440,443,Campbell,Jacob,1987-06-06,London,j.c65@ortiz.com,113
439,445,Jacob,Campbell,1988-06-05,Lonon,j.c65@ortiz.com,113
446,446,Aisha,Bryant,1993-07-10,Bradford,aishab64@obrien-flores.com,114
446,448,Aisha,BryBant,1993-08-08,Bradfrod,aishab64@obrien-flores.com,114
453,453,Davies,Reuben,1988-01-20,Swasea,rd@lewis.com,115
453,454,Davies,Reuben,1987-11-21,Swansea,idlewrs.cocm,115
453,456,Davies,Reuben,1986-12-21,Swansea,rd@lewis.com,115
457,459,Ellis,Harvey,2004-02-19,Petberborough,ellivs.h@morris-davis.net,116
457,460,lEls,varHery,2004-01-18,Peterborough,ellis.h@morris-davis.net,116
461,461,Henry,Williams,2007-02-03,London,henry.w@miller-mitheiln.lnfo,117
462,463,Heenry,WilliaWms,2007-02-03,London,henry.w@miller-mitchell.info,117
465,466,Dixon,Amber,1995-06-21,Aberdeen,ad29@jones.biz,118
465,467,Amber,Dixon,1995-06-21,Aberdeen,ad29@jones.biz,118
471,474,Scott,Caleb,1990-12-11,Bristo,c.scott@brooks.com,119
476,476,Popppy,Fox,1982-07-14,London,poppy.fox63@rivera.com,120
476,477,Poppy,Fox,1992-07-10,London,poppy.fox63@rivera.com,120
476,478,Fox,Poppy,1982-07-14,London,poppy.fox63@rivera.com,120
476,480,Poppy,Fox,1982-07-14,London,poppy.foox63@rcvera.iom,120
482,483,Freddie,Gill,1994-04-24,Bristol,fg60@anderson.com,121
485,485,Hannah,Daivs,1992-07-24,Birmingham,hannahd14@cardenas.com,122
488,488,Ameliee,Oliver,1980-10-12,Nottingham,ao24@green.net,123
488,490,Amelie,Olriver,1980-11-11,Nottingham,ao24@green.net,123
488,491,Amelie,Oliver,1980-11-11,Nottingham,ao24@green.@net,123
488,492,Amelime,Oliver,1980-11-11,Nottingham,ao24@green.net,123
493,493,Harrison,Norman,1983-10-18,Milton,hn@martinz-reynolds.com,124
493,496,Harrison,Norma,1982-10-18,Milton,hn@martinez-reynolds.com,124
493,498,Norman,Harrison,1982-09-18,Milton,hn@martinez-reynolds.com,124
499,500,Olivia,Khan,1981-07-08,Huddersfield,okhan85@daugherty-allen.com,125
502,502,Finley,Jones,1972-04-09,London,f.j@sharp.com,126
502,504,Finley,Jones,1972-04-09,London,f.j@sharp.com,126
502,506,FFinley,Jones,1972-04-09,London,f.j@sharp.com,126
502,507,Finley,Jones,1972-04-07,London,f.j@sharp.moc,126
510,513,Theo,White,2001-07-09,Kingston-upon-Hull,t.white@west-waller.net,127
514,514,Amelia,Morgan,2011-05-26,Swindon,amelia.morgan92@davidson-taylor.com,128
514,518,Amelia,Morgan,2011-05-26,Swindno,amelia.morgan92@davidson-taylor.com,128
514,519,Amlelia,Morgan,2011-05-26,Swindon,amelia.morgan92@davidson-ta.lorycom,128
514,520,AmelAia,Morgan,2011-05-26,Swinon,amelia.morgan92@davidson-taylor.com,128
521,521,George,Owen,1980-06-29,London,go94@bradshaw-sanders.com,129
521,526,George,Owen,1980-06-30,Lndon,go94@brndshaw-saaders.com,129
527,527,Oliver,Dawson,1985-12-05,Liverpool,odawson45@malone-cabrera.com,130
527,528,Oliver,Dawson,1985-11-03,Liverpool,odawson45@malone-cabrera.com,130
527,529,Oliver,Dawon,1985-11-03,Liverpool,odawson45@malone-cabrera.com,130
530,530,Lous,sAdams,1997-09-08,London,louis.a@martinez.net,131
532,532,ssouiL,Adams,1997-09-08,London,louis.a@mtrtinez.neea,131
533,533,Freddie,Gregory,1974-02-28,London,freddiegregory71@jensen.info,132
534,534,Gregory,Freddie,1974-02-28,London,freddiegregory71@jensen.info,132
538,538,Harry,Andresw,2019-03-16,York,harryandrews@woods.biz,133
544,544,Oliver,Jones,1981-09-02,London,oliverjones82@bond.biz,134
544,545,Olirev,Jones,1991-08-29,London,oliverjones82@bond.biz,134
544,546,Oliver,Jones,1981-09-02,London,oliverjones82@bond.biz,134
548,549,Riley,King,1985-03-20,Aberdeen,riley.k@zavala.com,135
548,551,Riley,King,1984-04-19,Aberdeen,riley.k@zavala.com,135
548,552,Riley,Kiing,1984-04-19,Aberdeen,riley.k@zavala.com,135
554,556,Clark,Violet,2030-02-08,London,v.clark@campbell.com,136
557,558,Violet,alCr,2020-02-11,London,v.clark@campbell.com,136
557,560,oiVlet,Clakr,2020-02-11,London,v.clark@campbell.com,136
561,561,Jones,Noah,1988-02-14,Telford,noah.ones66@smithjncom,137
563,564,Oliva,Clarke,1986-02-13,Loonnod,oc34@phelps-harper.iz,138
565,565,Clarke,Olivia,1986-02-13,Lodon,oc34@phelp-harper.biz,138
566,566,Olivia,ClaCrke,1986-02-13,London,oc34@pheps-ha.perrbiz,138
569,569,RoRyn,Dixon,2017-08-21,London,roboyndixon@williams.cm,139
572,573,Michael,Sutherland,1990-07-21,London,michael.sutherland@hobbs.com,141
575,578,Jesisia,Owen,1974-11-17,Walsall,jessica.owen@elliott.og,142
575,579,Jessica,Owen,1974-11-17,Walsall,jessica.owen@elliott.org,142
582,582,ilivOa,Edwards,1988-12-27,Dudley,oe56@lopez.net,144
582,584,Olivia,Edwards,1988-12-27,Duudley,oe56@lopez.net,144
588,588,Jacob,Riley,2012-10-01,Liverpool,j.riley9tbennett.ne@,145
590,590,bJacob,Riley,2022-09-30,Liorpovl,j.riley9@tennett.neb,145
588,591,Jacob,Riley,2012-09-30,Liverpool,j.riley9@bennett.net,145
588,592,Jacob,Riley,2012-09-30,Liverpool,j.riley9@bennett.net,145
594,594,Grace,Kik,2020-05-12,Edinburgh,gk@frey-robinson.org,146
595,595,Grace,Kiirk,2011-03-17,Edhibnurgh,rgk@frey-robinon.org,146
597,597,Amelia,Baxter,1973-10-03,Kigngston-upon-Hull,amlia.boxter@nelsan-miller.com,147
598,598,Ameliia,Baxter,1982-09-02,Kingston-upon-Hull,amelia.baxter@nelson-miller.com,147
599,601,Toby,Hall,2003-04-23,London,toby.h@mendez.com,148
605,605,Aielma,Rogres,1984-08-01,London,ameliar@black.com,151
606,606,Amelia,Porter,2013-08-07,Portsmouth,ameiiap@nlcholson.orrg,152
606,608,Amelia,Porrret,2013-08-07,Portsmouth,ameliap@nicholson.org,152
610,610,Lydia,Stephnnsoe,1993-01-14,Birmingham,lydias51@garcia-mendez.com,153
610,611,Lydiia,SStephenson,1991-12-16,Birmingham,lydias51@garcia-mendez.com,153
612,612,Elizabeth,Hunt,1983-04-18,London,ehunt10@ramos.com,154
616,616,Muhammad,mJams,1989-10-28,Leeds,muhammadj@cortez-trujillo.com,156
617,622,Olvilia,Davies,2000-01-09,Birmingham,od@holl.wayoinfo,157
620,623,Olivia,Davies,2010-01-06,Birmingham,od@hollowayl.ino,157
624,624,Georege,Davidson,1999-06-06,Southampton,gdavidson@jonnson-browh.com,158
625,625,George,Davidson,1999-05-07,Southampton,gdavidson@johnson-brown.com,158
625,630,Georee,Davidvson,2000-06-07,Southampto,gdavidson@johnson-brown.com,158
632,632,Mason,hugHes,2000-01-26,Bolton,mh@wade.com,159
631,633,Mason,Hughes,1990-01-29,Boton,mh@wade.co@m,159
635,635,Jacob,Adass,1991-09-07,Lonndno,jacob.a83@clark.com,160
635,636,Jacob,Adasm,2000-09-03,Londn,jacob.a83@clark.com,160
635,637,Jacob,Adams,2000-09-03,Lonnod,jacob.a83@clark.com,160
635,638,Jacob,Adams,1990-10-06,London,jacob.a83@clark.com,160
640,640,Webb,Logan,2006-04-29,Salford,l.webb66@smith.com,161
643,643,Ryan,Ethan,1995-04-14,London,ethan.r31@jone.com,162
644,644,Oliver,White,1992-02-06,Plymuohh,cow@haynes-saunder.com,163
648,651,Maddison,Jarvis,1974-04-10,Sou-hend-ontSea,maddison.jarvis@patterson-miller.biz,165
653,656,Dylan,Rberts,1990-10-26,Birmingham,droberts73@taylor-lang.com,166
657,658,Benjamin,Nemena,1971-06-13,London,benjamin.newman@johnson.com,167
659,659,Charlie,Hall,2018-06-26,Birmingham,charlieh@sandoval-sanders.info,168
659,661,Cahlrae,Hall,2019-07-26,Birminghram,charlieh@sandoval-sanders.info,168
662,664,IImogen,Wilkinson,2011-09-16,London,iwilkinson@bush.com,169
662,665,Imogen,Wilkinson,2001-09-18,Lodon,iwilkinson@bush.com,169
662,666,Imogen,Wilikinson,2001-09-18,Lodon,iwilkinson@bush.com,169
668,668,Wilkinson,Imogen,2001-09-18,London,iwilkinson@bush.com,169
669,669,Ollie,Roe,2006-12-05,Manchester,or@cox-blackwell.org,170
669,670,Ollie,Rowe,2006-12-05,Manchester,or@cox-blackwell.org,170
669,671,Ollie,Rewo,2006-12-05,Manchester,or@cox-blackwell.org,170
674,674,Henr,Kennedy,1988-11-16,Warrington,hk@stanley.com,171
676,677,Anna,Williamson,1984-05-18,Sheffield,anna.w16@bd.andt-wyattrorg,172
679,679,Elizabeth,Shaw,2006-04-21,Cardiff,e.shaw@smith-hall.biz,174
683,683,Rosie,nJohnston,1978-10-23,Sheffield,rosiej32@robinson-moran.net,175
683,685,Rosie,Johnoston,1978-11-23,Sheffield,rosiej32@robinson-moran.net,175
683,687,Rosie,Johnston,1978-11-23,Sheffield,rosiej32@robinson-moran.net,175
688,688,Johnston,Rosie,1988-11-20,Sheffiel,rosiej32@robinson-moran.net,175
690,693,Olivia,King,2004-04-17,Newcastle-upon-Tyne,olivia.k1@howell.com,176
694,694,Mohammed,rooper,2023-08-29,Birmingham,mohammedc@robcrts.eom,177
695,695,Noah,Huter,1983-08-29,Manchester,noahh78@diaz-clark.com,178
696,696,Hunter,Noah,1973-09-29,Manchester,noahh78@diaz-clark.com,178
696,701,Hunter,Noah,1973-09-29,Manchester,noahh78@diaz-clark.com,178
703,703,Arabella,Rees,2000-04-19,Dduley,a.r@cervanset.net,179
705,705,Curtis,Maya,2014-08-28,Newcastle-upon-Tyne,mcurts53@simpson.com,180
706,709,Maya,Curtis,2014-08-28,Newcastle-upon-Tyne,micurtis53@simpson.com,180
706,710,Maya,Curtis,2014-08-28,Newcastle-upon-Tyne,mcurtis53@simpson.com,180
717,717,Mia,Jones,2031-02-20,Ipsich,mia.j63@martinez.biz,182
717,720,Mi,Jones,2021-01-21,Ipswich,mia.j63@martinez.biz,182
722,722,Jones,Isaac,2008-02-23,Belfast,isaac.jones54@bradford.net,183
722,727,Isaac,Jones,2008-02-23,Baltasf,isaac.jones54@bradford.enet,183
729,729,Edward,imith,1972-11-13,Huddersfield,e.smith@dillon.com,184
731,731,Evelyn,May,1976-11-17,Portstmouth,evelynm@page.com,185
732,732,May,Evelyn,1976-10-20,Portsmouth,evelynm@page.com,185
740,742,Ahmed,Oscar,2006-09-14,Loodnn,oa14@lee.com,187
743,743,Williams,Oscar,2012-06-27,London,owilliams@smith.net,188
744,744,Freddie,Carr,1992-08-01,Btournemoth,fcarr22@cook.com,189
745,745,Leo,Bradley,1992-03-26,Reaidng,leo.bradley54@green.net,190
747,747,Ella,Young,1991-05-13,Birmingham,ellayoung47@cook.com,191
747,749,Ella,Young,1991-05-13,Birmingham,ellayoung47@cook.com,191
753,753,James,Cox,1972-07-19,Londoon,j.c@wwhite.org,192
755,755,Day,Henry,2002-09-15,Leeds,hday48@thomas-arter.com,193
756,757,Hnry,Day,2002-09-15,Leeds,hday48@thomas-carter.com,193
756,758,Henry,Dy,2002-09-15,Leeds,hday48@homas-carter.com,193
756,759,Henr,Day,2002-09-15,Leeds,hday48@thtomas-acrter.com,193
756,760,Henry,Day,2002-09-15,Leeds,hday48@thomas-carter.com,193
756,761,Henry,Day,2002-08-18,Leeds,hday48@thomas-carter.mc,193
762,763,Arabella,Martin,1984-04-14,London,amartin@navarro.com,194
765,765,Adam,Edwards,1971-08-28,Cardiff,adam.edwards38@bullock-edward.com,195
765,766,Adam,Edwards,1971-08-28,Cardiff,adam.edwards38@bullock-edwards.com,195
773,773,EvEa,Armstrong,2017-04-23,Peterborough,e.a.rmstrong16@odonnell.info,197
774,774,Armstrong,Eva,2027-04-21,Peterborouhg,e.armstrong16odonnell.info,197
773,776,Eva,Armstrong,2017-04-23,Peterborough,er.armstrong16@odonnelloinf.,197
779,779,Harvey,Robertson,1996-03-25,Lnodon,harveyrobertson32@chavez.com,198
779,782,Harvey,Robertson,1996-03-25,London,harveyrobertson32@chavez.com,198
784,785,Mila,Evans,1997-08-07,London,m.e@ford.com,199
786,787,Jackson,Fisher,2004-11-26,London,j.fisher4@sullivan.com,200
786,790,Jackson,Fisreh,2004-12-26,Lodon,j.fisher4@sullivan.com,200
796,796,Taylor,Joshua,1989-02-09,London,jt40o@combs.net,201
798,798,Arlo,West,2007-02-17,Southend-on-Sea,aw@thompson.com,202
798,801,AArlo,sWt,2007-02-17,Southend-on-Sea,aw@thompson.com,202
807,807,Elliott,Byrne,2002-01-31,Stoke-oneTr-nt,e.b30@little.biz,205
807,808,Elliott,Byrne,2002-01-31,Stokeno--Trent,e.b30@little.biz,205
809,809,Byrne,Elliott,2012-03-01,Stoke-on-Trent,e.b30@little.biz,205
814,814,Logan,Morgan,1978-02-01,Cventry,loganmo.gan43@mcbride-kingrcom,206
814,816,Logan,Morgan,1987-01-28,Coventry,loganmorgan43@mcbride-king.com,206
814,819,Logan,Morgan,1976-12-30,Coventry,loganmorgan43@icbride-kmng.com,206
814,820,Logan,Morgan,1976-12-31,Cooventyr,loganmorgan43@mcbride-king.com,206
821,821,hNoaN,Rogers,2011-04-07,nwindoS,noahr@hudson-brown.net,207
821,824,Noah,Rogers,2011-04-07,Swindon,noahr@hudson-broow.net,207
827,827,Maisie,Elliott,1998-09-30,Phlymouth,maisie.e96@baker.com,208
830,830,Mason,Smith,1983-03-16,Kingson-upon-Hull,masons5@2@reed.com,209
830,833,Mason,Smith,1983-03-16,Kingston-uponH-ull,masons52@reed.com,209
835,836,Chartotle,Harper,2028-01-10,Plymouth,charper@miller.biz,210
835,840,Harper,Charlotte,2018-02-12,Plymouth,charper@miller.biz,210
835,841,Charlotte,Harper,2018-02-12,Plymouth,charper@miller.biz,210
843,843,Oliver,Watson,2013-08-04,slaGgogw,oliverwatson97@morgan.com,211
843,845,Oliver,Watson,2013-08-04,GlasgGow,oliverwatson97@morgan.com,211
848,854,Michael,Wels,2000-04-03,London,m.w@cannon.com,213
855,858,Theodore,Marlshall,1972-07-25,Birmingham,theodore.m@taylor.com,214
855,859,Theodore,Marshall,1972-07-25,Birmingham,theodore.m@taylorcom,214
861,861,Lily,Robinson,2009-07-06,Salford,lily.robinson73@peterson.biz,215
861,862,Lily,Robibnson,2009-07-06,aSlford,lily.robinson73@peterson.biz,215
861,864,Lily,Robinson,2009-07-06,Salford,lily.robinson73@peterson.biz,215
867,867,Reuben,Wslion,2015-09-03,London,reubenw@williams-thomas.net,216
870,870,Oscar,Wantol,1996-02-05,WWalverhompton,oscarwalton19@king.com,217
872,872,Freddie,Bradley,2020-05-20,Liverpool,fb@nelson.com,218
872,873,Freedid,Braldaey,2019-05-23,Liverpool,fb@nelson.com,218
874,874,Bradley,Freddie,2020-06-23,Liverpool,fb@nelson.com,218
879,879,Leo,Webster,2014-04-08,Sheffield,leo.webster54@moore.biez,219
884,884,Fox,Noah,2005-07-09,Southampton,noah.f88@gibson.cm,221
887,887,Ivy,LLee,1996-05-31,Liverpool,ivy.lee@carson-williams.info,222
887,889,yI,Le,1996-05-02,Liverpool,ivy.lee@carson-williams.info,222
887,890,Ivy,Lee,1996-05-31,Liverpool,ivy.lee@carson-williams.info,222
887,893,Iyvv,Lee,1996-05-31,Liverpool,ivy.lee@carson-williams.info,222
894,895,Jaxon,Rice,1980-02-02,Lonnod,jaxon.r@cantu.org,223
894,897,Jaxon,Rice,1980-02-02,London,jaxon.r@cantu.org,223
898,898,Cross,Aria,1999-01-14,Newcastle-upon-Tyne,a.cross58@browning-nguyen.com,224
898,899,Aria,Cros,2009-02-10,Newcastle-upon-Tyne,a.cross58@browning-nguyeyn.com,224
898,900,Aira,Cross,1999-01-14,Newastle-upon-Tyne,a.cross58@browning-nguyen.com,224
898,904,Aria,Cross,2000-01-14,Newcastle-upon-Tyne,a.cross58@browning-nguyen.com,224
905,905,Thomas,Mnrtia,2013-07-08,Newcastle-upon-Tyne,tmartin5@martin-kerr.org,225
908,908,Isabelle,Carter,1997-11-26,Bradford,isabellec@hill-williams.com,227
913,915,Darcy,Rhodes,1979-01-13,Birminghma,drhodes16@johnson-robinson.com,229
913,916,Darcy,Rhodes,1979-01-14,Birminigham,drodes16@johnson-robinson.com,229
913,917,Darcy,Rhodes,1979-01-14,Birmingham,drhodes16@johnson-robinson.com,229
918,919,Evie,Jones,2002-07-22,London,eviejones@brewer-sparks.org,230
926,926,Watson,Amelia,2006-11-27,Kingston-upon-Hull,amelia.w@tyler-anderson.com,232
928,929,Luke,Robinson,1971-11-18,Coventry,lrobinson@wolf.org,233
928,930,Luke,Robinnso,1981-10-18,Coventry,lrobinson@wolf.org,233
928,931,Lukue,Robinson,1971-11-18,Covetry,lrobinsl.n@woof.org,233
928,932,Luke,Robinssno,1971-11-18,Coventry,lrobinson@wolf.org,233
935,935,Henry,Roberts,1981-08-25,kYorY,henryr@moore.com,234
935,936,Henry,Roberts,1981-08-25,York,henryr@moore.com,234
937,937,Isabelle,Hall,1984-11-20,Swansae,isabelleh97m@lewis-gregory.com,235
937,938,Isabelle,Hall,1984-10-21,Swansea,isabelleh97@lewis-gregory.com,235
937,939,Isabelle,Hall,1994-11-18,Swansea,isabelleh97@lewis-gregory.com,235
937,940,Isabelle,Hall,1984-11-20,Swansea,isabelleh97@lewis-gregory.com,235
937,943,Isabelle,Hall,1984-11-20,Snawea,isa.gelleh97@lewis-gregorybcom,235
947,947,Sarah,Pearson,2011-01-07,London,sarahp77@humphrey.com,237
947,949,Sarah,Pearson,2011-01-07,London,sarahp77@humphrey.com,237
950,952,George,Davies,2004-06-23,Middlesbrough,gdavies72@conner-rose.com,238
950,953,GergGe,Davies,2004-06-23,Middlesbrough,gdavies72@conner-rose.com,238
954,956,Oliver,Robertson,2013-01-06,Edinburgh,orobertson91@olson-palmer.com,239
957,957,Gerge,Wilson,1985-03-27,Lonnod,gwiolson84@burton.net,240
958,958,Heidi,Mills,1980-12-06,Lonnod,h.m82@hill.om,241
959,959,Heidi,Millls,1981-01-06,London,h.m82@hill.com,241
961,961,Maryam,Jsneeo,1992-07-05,Coventry,maryam.j47@myers.com,242
961,966,Maryam,Jones,1992-07-06,Coventry,maryam.j47@myers.com,242
967,967,Joseph,Davsi,2019-10-14,London,joseph.d@bell.com,243
970,970,Harrison,Fraser,2007-11-19,Birmingham,hf@roberts.com,244
971,972,Leon,Arnmstrong,1970-04-11,Salford,l.armstrong@reyes-campbell.net,245
971,975,Leon,Armstronog,1980-04-08,Salford,l.armstrong@reyes-campbell.net,245
971,977,Leon,Armstrong,1970-04-13,Salford,l.armstrong@reyes-campbell.net,245
978,979,Jessica,Miller,2002-05-21,Coventry,jessica.miller@johnson.com,246
978,981,Jessica,Miiller,2001-05-23,Coventry,jessica.miller@johnson.com,246
978,984,aessicJ,Miller,2011-05-20,Coventry,jessica.miller@johnson.com,246
985,985,Nancy,lWisliaml,1972-01-18,Birmingham,nw5n@buckleyil4fo,247
985,987,Nancy,Williams,1972-01-18,Birmingham,nw5n@buckley.i4fo,247
992,992,Michael,Ducan,2018-06-18,Nottingham,michaelduncan43@gutierrez.com,248
993,993,Emma,Lloyd,2028-03-13,London,emmallod@jimenez.com,249
993,994,Emma,Lloyd,2018-04-17,London,emmalloyd@jimenez.com,249
993,995,Emma,Lloyd,2018-04-17,nLonon,emmalloyd@jimenez.com,249
993,996,Emma,Lloyd,2018-04-17,London,emmalloyd@jimenez.com,249
997,997,Oliver,Bird,2000-01-27,Reading,o.b@smith.net,250
997,999,Oliver,Bird,2000-01-27,Reading,o.b@smith.net,250
0,0,Robert,Alan,1971-06-24,,robert255@smith.net,0
1,1,Robert,Allen,1971-05-24,,roberta25@smith.net,0
4,5,Grace,Kelly,1991-04-26,,grace.kelly52@jones.com,1
11,11,Isla,Hall,1985-02-07,,islahall97@gutierrez-bennett.com,4
11,13,Isla,Hall,1985-02-07,,islahall97@gutierrez-bennett.com,4
20,20,Caleb,Rowe,2003-01-17,,calebr@thompson.org,8
31,31,Lola,Brown,1983-11-06,,lola.b@martinez-jones.net,12
44,45,Sebastian,Mitchell,2015-05-04,,s.mitchell39@green.org,14
47,48,Erin,Rogers,2010-01-30,,e.rogers3@hopkins.org,15
63,67,Adam,Jonse,1982-10-12,,ajones6@cortez-wilcox.com,19
68,71,Reggie,Mason,1986-09-09,,r.m51@leonard.net,20
79,81,Ryan,Cole,1987-05-27,,r.cole1@ramirez-anthony.com,24
79,82,Ryan,Cole,1987-05-27,,r.cole1@ramirez-anthony.com,24
79,83,Ran,Cole,1988-06-27,,r.cole1@ramirez-anthony.com,24
129,130,Matilda,Barker,1990-03-08,,m.b@bell-brown.com,36
155,157,Austin,Wright,1993-03-27,,a.wright42@estrada.org,44
155,158,Austin,Wright,1993-03-27,,a.wright42@estrada.org,44
159,163,Holly,Tmhsmoo,1985-05-21,,hollythomson3@levine-jones.com,45
165,167,Elzizabeth,Writhg,1994-01-02,,elizabeth.w@sullivan-anderson.info,46
178,178,Ellie,Eislls,2005-12-08,,elliee@oguzmanoc.m,48
181,184,Freddie,Holmes,1993-10-04,,fholmes@duncan.com,49
191,191,Isla,Price,2024-02-28,,iirpce@carr.cm,52
190,194,Isla,Pcire,2015-04-30,,iprice@carr.com,52
198,198,Arthur,Booth,2007-09-13,,arthurbooth25@romero-donovan.com,53
204,206,Isla,Payne,1997-02-28,,isla.payne@butler.org,55
207,207,Eloilt,Page,1979-05-25,,e.page13@dyer-williams.com,56
221,221,Ferguson,Logan,2013-10-15,,l.ferguson46@shah.com,58
221,225,Ferguson,Logan,2013-10-15,,l.ferguson46@soao.chm,58
229,233,George,DaviDs,1978-11-07,,g.davies36@ford-graves.com,60
234,235,Lucy,Arnold,1976-05-01,,l.a1@shelton-vaughan.com,61
243,243,Maisie,Breyr,2016-05-08,,mberry41@richards-han.onscm,63
251,251,Russell,Sofia,2014-09-03,,sofiarussell9@rivera.com,65
254,254,Sofia,Russell,2015-09-03,,sofiarussell9@revira.com,65
259,259,Oliver,Hguehes,1983-03-07,,ohughes@page-kim.info,66
259,261,Oliver,Hughes,1983-02-07,,ohughes@page-kim.info,66
268,268,Lydia,Brooks,2016-02-13,,lbrooks9@miller.org,68
282,282,Wilson,Florence,2004-12-02,,florencewilson@byrd.com,72
288,288,Freddie,Baiyel,1986-01-05,,fbailey@schneider.biz,75
289,293,Jackson,Lee,2010-10-13,,j.lee86@ro6berson.com,76
289,294,Jackson,Le,2010-11-10,,j.lee86@roberson.com,76
305,305,Harley,Rose,2000-07-16,,harley.rose50@sawyer-lin.org,81
306,306,Hraley,Rose,2001-06-16,,harley.rose50@sawyer-lin.orng,81
325,328,Kai,Turner,2008-12-03,,k.t50@her.andezncodm,87
325,329,KKai,Turner,2008-12-03,,k.t50@hernandez.com,87
334,334,Payne,Scarlett,1974-07-03,,scarlett.payne88@morton.info,89
350,350,Smith,Scarlett,1993-03-03,,scarletts@brown.johnson.org,93
372,372,James,Reuben,1975-07-24,,r.james@jackson.com,97
374,374,Eliza,Taylor,1983-01-12,,elizataylor@marsahmll.com,98
374,380,Eliza,Taylor,1993-02-08,,elizataylor@marshall.com,98
384,384,Lotti,Davis,1972-06-12,,lottie.d7@morgan-pierce.com,100
384,385,Lottie,Davis,1972-06-12,,lottie.d7@morgan-pierce.com,100
389,392,Iaac,James,1991-06-06,,isaac.james@smith.com,101
399,399,Dixon,James,1991-04-12,,james.d@merritt-scott.com,103
398,400,James,Dixon,1991-04-12,,james.d@merritot-scott.com,103
398,401,James,Dixon,1991-04-12,,james.d@merritt-scott.com,103
398,403,James,Dixon,1991-04-12,,james.d@merritt-scott.com,103
409,411,Emily,Atkinson,2008-05-05,,emilya@roberts.com,106
471,473,Scott,Caleb,1990-12-11,,c.scott@brooks.com,119
471,475,Caleb,Scott,2000-12-10,,c.scott@brooks.com,119
493,497,Harrison,Norman,1982-10-18,,hn@martin-ez-reynolds.com,124
510,511,Theo,Whhite,2011-05-06,,t.white@west-waller.net,127
524,524,Owen,George,1980-06-29,,geo94@bradshaw-sanders.com,129
530,531,Louis,Adams,1987-09-11,,louis.a@martinez.net,131
533,536,Freddie,Grerrogy,1974-02-28,,freddiegregory71@jensen.info,132
533,537,Freddie,Gregory,1984-02-25,,freddiegregory71@jensen.info,132
542,542,Harry,wnddreAs,2019-04-15,,harryandrews@woods.bz,133
548,553,Riley,King,1984-04-19,,riley.k@zavala.com,135
563,567,Olivia,Clarke,1996-01-12,,oc34@phelps-harper.biz,138
572,572,Mihael,Sutherland,1989-06-21,,michael.sutherland@hobbs.com,141
612,613,Elzabeth,Hunt,1983-04-18,,ehunt10@ramos.com,154
617,621,lOlivia,Daves,2000-01-09,,od@holloway.info,157
625,629,George,Davidson,2000-05-06,,gdavidson@johnson-brown.com,158
635,639,Jacob,Adams,1990-11-07,,jacob.a83@clark.com,160
646,646,Alexander,ShaSw,2016-11-24,,a.shaw@church-rodriguez.com,164
662,663,Imgen,Wilkinson,2001-09-18,,iwilkinsmn@bush.co,169
676,676,Anna,Williamson,1984-04-20,,anna.w16@brandt-wyatt.org,172
679,681,Elizabeth,Sahw,2006-04-21,,e.shaw@smith-hall.biz,174
695,698,Noah,Hunter,1973-09-29,,noahh78@diaz-clark.com,178
695,700,NNoah,Hunter,1973-09-29,,noahh78@diaz-clark.com,178
702,702,Arabella,RRes,2000-04-19,,a.r@cervantes.net,179
708,708,Maya,Curtsi,2014-07-27,,mcurtis53@simpsoun.com,180
706,711,Mayya,Curtis,2014-09-27,,mcurtis53@simpson.com,180
717,721,Mia,JJones,2021-01-21,,mia.j63@martinez.biz,182
722,723,Isaac,Jones,2008-02-23,,isaac.jones54@bradford.net,183
731,733,Evelyn,May,1976-11-17,,evelynm@page.com,185
737,739,Oscar,Ahmed,2005-08-17,,oa14@lee.com,187
740,740,Ahmed,Oscar,2005-09-18,,oa14@lee.coom,187
745,746,oeL,Bradley,1993-03-27,,leo.bradley54@green.net,190
779,780,Harvey,Robertson,1997-03-24,,harveyrobertson32@chavez.com,198
779,783,HeHray,Robertson,1997-03-24,,harveyrobertsoe32@chavnz.com,198
794,794,Josshua,Tayolr,1989-02-09,,jt40@comsb.net,201
798,802,Arlo,West,2007-03-19,,aw@thompson.com,202
805,805,Joseph,Bull,1986-02-24,,joseph.bull@bailey-perry.com,203
821,825,Noah,Rogers,2011-04-07,,noahr@hudson-brown.net,207
835,838,Charlotte,Harper,2019-03-14,,charpe@r@milleb.riz,210
843,844,Oliver,Watson,2013-09-04,,oliverwatson97@morgan.com,211
846,846,Isabella,Fletcher,2014-04-13,,isabellafletcher@tanner.com,212
849,849,Maciel,Wells,2001-03-03,,m.w@ccannon.com,213
866,866,Robinson,Lily,2009-07-06,,lily.robinson73@peterson.biz,215
883,883,Jacob,Brooks,1980-07-07,,jbrooks@hall-lowe-ry.net,220
887,888,Ivy,Lee,1996-05-31,,ivy.llee@carson-williams.info,222
896,896,Rice,Jaxon,1980-02-02,,jaxon.r@cantu.org,223
906,906,Green,Toby,2007-10-11,,t.g79@walker.com,226
918,920,Evi,Jones,2012-06-19,,eviejones@brewer-sparks.org,230
918,922,Evie,Jones,2002-07-22,,eviejones@brewer-sparks.org,230
946,946,Pearson,Sarah,2011-01-07,,sarahp77@humphrey.com,237
950,950,George,Davies,2005-07-23,,gdavies72@conner-rose.com,238
954,954,Oliver,Roberton,2013-01-06,,orobertson91@olson-palmer.com,239
978,978,Jessica,Miller,2001-05-23,,jessica.miller@johnson.com,246
978,982,Jessica,Miller,2001-05-23,,jessica.miller@johnson.com,246
988,988,Nacy,Williams,1981-12-15,,nw54@buckley.info,247
998,998,Oliver,Bird,2000-02-27,,oliver.b@smith.net,250
4,4,Grace,,1997-04-26,Hull,grace.kelly52@jones.com,1
38,38,Theodore,,1979-08-21,Bimingham,t.m39@brooks-sawyer.com,13
47,49,Erin,,2010-03-01,London,e.rogers3@honkips.org,15
63,66,Adam,,1982-10-12,Bristol,ajones-@cortez6wilcox.com,19
68,68,Reggie,,1996-08-05,Coventry,r.m51@leonard.net,20
68,70,Reggie,,1986-09-09,Coventry,r.m51@leonard.net,20
79,80,Rnyan,,1987-06-26,Bristol,r.cole1@ramirez-anthony.com,24
87,88,Lexi,,1994-09-02,Birmingham,l.gordon34cfren@h.com,26
87,89,Lexi,,1994-09-02,Birmingham,l.gordon34@french.com,26
90,92,Oscar,,2026-01-08,Liverpool,omoore64@randall.com,27
101,102,Alfie,,2008-05-07,Plymouth,a.griffiths@garner-bridges.com,29
109,109,Oievr,,2009-12-21,Londn,oliver.atkinson@moran-smith.com,31
109,115,Oliver,,2009-12-22,Loondon,oliver.atkinson@moran-smith.com,31
118,121,Dylan,,1985-10-15,London,dmacdonald@rivers-glass.bi,34
118,122,Dylan,,1985-10-15,London,dmacdonald@rivers-glass.biz,34
127,127,Hayler,,1983-12-22,Manchester,harleyk@houston.net,35
129,131,Matilda,,1990-03-07,Reading,m.b@bell-brown.com,36
134,134,Matilda,,1990-03-08,Reaing,m.b@ell-brown.com,36
142,142,Harry,,1987-10-28,Cardiff,hmay32@richardson-rhodes.com,39
159,161,Holly,,1985-05-21,London,hollythomson3@levine-jones.com,45
190,190,Isla,,2014-03-31,London,iprice@carr.com,52
211,211,Elliot,,1979-04-23,nLondon,e.page1i3@dyer-wiliams.com,56
207,212,iElliot,,1979-04-23,London,e.page13@dyer-williams.com,56
213,213,Lca,,2010-06-22,BlBton,lucas@marrington.coh,57
214,214,Luca,,2020-05-18,Bolton,lucas@harrington.com,57
214,218,Luuca,,2010-06-22,Bolto,lucas@harrington.com,57
214,219,aucaL,,2010-06-22,Bolton,lucas@harrington.com,57
221,222,Logan,,2013-10-15,LondoLn,l.ferguson46@shah.com,58
237,241,Freya,,1970-12-17,London,f.s@flynn.com,62
244,245,Joshua,,2002-08-08,Portsmouth,j.williams@levine-johnson.com,64
244,246,Joshua,,2002-09-09,Portsmouth,j.williams@levine-johnson.com,64
299,299,James,,2020-01-05,Belfast,j.s81@simmosmco.,78
315,317,Daisy,,1991-04-16,Manshecter,dh@powell.net,85
324,324,Kai,,2018-12-31,London,k.t50eherand@z.ncom,87
331,331,Eleanor,,2024-07-07,Manchester,e.richards16@finley.ifo,88
342,342,William,,2007-12-22,Reading,williamn@curryflores.com,92
353,358,Jayden,,2010-03-18,Mansfield,j.t@pierce.biz,94
360,363,Mohmmed,,1999-04-17,Cardiff,mohammedfox24@wilson.com,95
364,366,Samuel,,2018-09-24,NewcstaTe-upon-lyne,samuelcampbell35@hebert.com,96
370,370,Reuben,,1985-08-19,Leicester,r.james@jackson.com,97
391,391,Isaac,,1991-05-06,Lodon,isaac.james@smich.tom,101
394,394,Evie,,1992-08-14,Leeds,evieed62@bishop.info,102
395,397,Evie,,1982-07-18,Leeds,evied62@bishop.info,102
398,404,Jsames,,2001-04-09,London,james.d@merritt-scott.com,103
421,421,Alfie,,1995-12-10,London,ar20@miller-torres.org,110
446,450,Aisha,,1993-07-10,Brddfora,aishab64@obrien-flores.com,114
465,468,Amber,,1995-06-21,Aberdeen,ad29@jones.biz,118
471,472,Caleb,,1990-12-11,Bristol,c.scott@brooks.com,119
482,482,Freddie,,1995-04-23,Bristol,fg60@cnderson.aom,121
482,484,Freddie,,1994-04-24,Bristol,fg60@anderson.com,121
485,487,Hannah,,1992-07-24,Birmingham,hannahd14@cardenas.com,122
502,503,Finley,,1973-04-10,London,f.j@sharp.com,126
510,510,Teheo,,2001-06-09,Kingston-upon-Hull,t.white@west-waller.net,127
514,515,Amlia,,2021-05-23,Swindon,amelia.morgan92@davidson-taylor.com,128
570,570,Robyn,,2017-08-21,London,robyndixon@williams.com,139
599,600,Toby,,2003-04-23,London,toby.d@menhez.com,148
603,603,Henry,,2000-06-05,Dudley,henry.c35@love-banks.com,149
612,614,Elizabeth,,1983-04-18,Londo,ehunt10@ramos.com,154
625,628,Geeorge,,2009-06-05,Suthammpton,gdavidson@johnson-brown.com,158
632,634,Mason,,1999-12-26,Bolton,mh@waoe.cadm,159
645,645,Oliver,,1992-02-06,Plymouth,ow@haynes-saunders.com,163
648,648,Maddison,,1974-04-10,Southend-on-Sea,maddison.jarvis@patterson-miller.biz,165
648,649,Maddion,,1974-04-10,Southend-on-Sea,maddison.jarvis@patterson-miller.biz,165
653,653,Dylan,,1990-09-28,Birmingham,droberts73@taylor-lang.com,166
657,657,Benjamin,,1971-06-13,nLonon,benjamin.newman@johnson.com,167
662,662,Imgeen,,2001-08-19,London,iwilkinson@bush.com,169
682,682,Elizabeth,,2016-04-18,Cardifrf,e.shaw@smith-hall.lbiz,174
690,691,Olivia,,2005-04-16,Newcastle-upon-Tyne,olivia.k1@howell.com,176
702,704,Arabella,,2000-04-19,Dudley,a.r@cervantes.net,179
706,707,Maya,,2015-07-29,Newcastle-upon-Tyne,mcurtis53@spmnison.com,180
722,726,Isaac,,2008-02-23,Belfast,isaac.jones54@bradford.net,183
730,730,Evelyn,,1976-11-17,Portsmouth,evelgnm@aye.covm,185
756,756,Henry,,2002-09-15,Lesde,hday48@thomas-carter.com,193
762,764,Arabella,,1984-04-14,London,amartin@navarro.com,194
786,786,Jackson,,2013-12-25,London,j.fisher4@sullivan.com,200
798,799,Arlo,,2007-02-17,Southend-on-Sea,awt.thompson@com,202
798,804,Arlo,,2007-01-20,Southend-on-Sea,aw@thompson.com,202
806,806,Logan,,1991-04-14,London,lc@kelly-williams.net,204
807,811,Elliott,,2002-03-04,Stoke-on-Trent,e.b30@little.biz,205
807,812,Eliott,,2002-01-31,Stoke-on-Trent,e.b30@little.biz,205
807,813,Elliott,,2002-01-31,Stoke-on-Trent,e.b30zlittle.bi@,205
821,823,Noah,,2011-04-07,Swindon,noahr@hudsn-brohwn.net,207
826,826,Maisie,,1998-09-30,Plymouth,maisie.e96@bakre.com,208
829,829,Mason,,1983-03-16,Kingston-upon-Hull,masons2@reed.com,209
830,832,Mason,,1983-03-16,Kingston-ulon-Hup,masons52@reed.com,209
835,837,Charlotte,,2019-01-13,Plyumouh,charper@miller.biz,210
848,851,Mhichael,,2000-04-03,London,m.w@cannon.com,213
848,853,Michael,,2000-04-03,London,m@w.cannon.com,213
857,857,Thedore,,1972-07-25,Birmingma,teheodore.mrtaylo@.com,214
872,878,Freddie,,2019-05-23,Liverpool,fb@nelson.com,218
882,882,Jacob,,1970-07-10,Leed,jbrooks@hall-lowery.net,220
898,901,Aira,,1998-12-15,Newcastle-upon-Tyne,a.cross58@brwning-nguyen.com,224
913,913,Darcy,,1979-01-16,nBirminham,drhodes16@johnson-robinson.com,229
921,921,Eie,,2012-07-17,oonodLn,evejones@brewer-sparksi.org,230
928,928,Luke,,1972-10-20,Coventry,lrobinson@wolf.org,233
928,933,Luke,,1971-11-18,Coventry,lrobinson@wolf.org,233
945,945,Francesca,,2015-12-07,Hueddersfield,francesca.white@jones-knight.info,236
955,955,Oliver,,2023-02-03,Edinburgh,orobestson91@olron-palmer.com,239
967,969,Joseph,,2029-10-09,Lonon,joseph.d@bell.com,243
971,971,Lon,,1970-04-11,Salford,l.armstrong@reyes-campbell.net,245
978,980,Jessica,,2001-05-23,Coventyry,jessica.miller@johnson.com,246
7,10,,Dean,2015-03-03,Portsmouth,evied56@harris-bailey.net,3
15,15,,Smith,1981-10-11,Bradford,muhammadsmith@brooks.com,6
31,33,,Brown,1983-11-06,Bradford,lola.b@martinez-jones.net,12
31,36,,Brrown,1983-11-06,Bradford,lola.b@martinez-jones.net,12
44,46,,Mitchell,2015-04-04,Leeds,s.mitchell39@green.org,14
58,58,,Kikr,2010-08-06,CCardiff,p.kirk@hill.com,17
60,61,,King,1977-04-01,Southend-on-Sea,lola.k63@bradle-barnes.info,18
75,75,,Mason,1996-12-10,Leicester,emason@ware.com,23
75,76,,Mason,1996-12-10,Leicester,emason@ware.com,23
97,98,,Evans,2008-08-27,Bristol,ee@day.com,28
118,118,,Macdonald,1985-10-15,London,dmacdoald@riverb-glass.siz,34
129,133,,Barker,1990-03-08,Reading,m.b-bell@brown.com,36
137,138,,Campbell,2011-10-10,London,jc@herring.info,38
148,148,,Kelyl,2010-10-09,Birmingham,alfiekelly@walters.com,40
159,160,,Thomson,1985-05-21,London,hollythomson3@levine-jones.com,45
171,171,,Russell,2011-06-08,London,leahrussell@charles.net,47
171,173,,Russell,2011-06-08,London,leahrussell@charles.net,47
176,180,,Ellis,2005-12-08,London,elliee@guzman.com,48
181,185,,Holmes,1992-10-02,Kingston-upon-Hull,fhoelmes@duacnn.com,49
195,195,,Pricce,2014-03-31,nLodon,iprice@car.com,52
196,197,,Both,2007-09-13,Leeds,arthurbooth25@romero-donova.com,53
200,201,,Taaylor,1984-10-27,Huddersfield,g.t51@rodriguez.com,54
200,202,,Taylor,1984-10-27,Huddersfield,g.t51@rodriguez.com,54
244,247,,Williams,2002-08-08,Portsmouth,j.williams@levine-johnson.com,64
244,250,,Wiliams,2002-07-11,Portsmouth,j.williams@levine-johnson.com,64
274,275,,Taylor,2016-11-20,Abereden,glolat86@bishop-giles.com,71
297,297,,Banks,1987-06-12,Birimnham,david.banks26@thomas-bell.com,77
310,310,,Murray,1975-11-17,Edinburgh,c.murray54@berry-reyonlds.org,83
315,316,,Hughes,1991-05-16,eManchester,dh@powell.net,85
320,321,,Fletcher,1987-04-28,Bristol,ameliafletcher22@diaz.com,86
346,346,,Nicholon,2006-12-21,Reading,wirliamn@culry-flors.com,92
342,347,,Niocholson,2006-12-21,Reading,williamn@curry-flores.com,92
360,360,,FFox,1999-04-17,Cardiff,mohammedfox24@wilson.com,95
367,367,,Cbmpael,2018-09-24,Newcastle-upon-Tyne,samuelcampbel35@hebert.com,96
384,388,,aDvs,1972-06-12,Stockton-on-Tes,lottie.d7@morgan-pierce.com,100
405,405,,eoookC,1996-10-16,Sundrland,l.cooke@thompson-williams.info,104
409,410,,Atkinson,2017-06-02,London,emilya@roberts.com,106
413,413,,Owen,1973-01-16,London,opoppy.owen71@diaz.co,107
426,426,,Roberts,2005-02-08,London,ar20@miller-tores.org,110
433,436,,Kaur,1973-03-23,London,h.k@sharp.com,112
447,447,,Braynt,1993-07-10,Bradford,aishab64@obrien-flocres.com,114
452,452,,Daves,1986-12-21,Swanse,rd@lewis.com,115
457,457,,Hrvey,2005-02-17,Peterborough,ellis.h@morris-davis.net,116
457,458,,Harvey,2004-02-19,Peterborough,ellis.h@morris-davis.net,116
462,462,,Williams,2007-01-05,London,henry.w@miller-mitchell.info,117
488,489,,iOlrve,1980-11-11,Nottinmhag,ao24@green.net,123
499,501,,Khan,1971-08-10,Huddersfield,okhan85@daugherty-allen.com,125
505,505,,Jones,1972-05-08,London,f.s@jharp.com,126
502,508,,Jones,1972-04-09,Loodnn,f.j@shrarp.com,126
514,516,,Morgan,2011-05-26,Swindon,amelia.morgan92@davidsn-taylor.com,128
517,517,,Moorgan,2011-05-26,Swindon,amelia.moyrgan92@davidson-taylor.com,128
539,539,,Andrews,2019-03-16,Yok,harryandrews@woodws.biz,133
548,548,,King,1984-04-19,Aberdeen,riley.k@zavala.com,135
555,555,,Clark,2030-01-09,London,v.clarak@campbell.com,136
557,557,,Clark,2020-02-11,London,v.clark@campbell.com,136
572,574,,Sutherland,1989-06-21,Londno,michael.sutherland@hobbs.com,141
588,589,,Riley,2012-09-30,Livopeol,j.riley9@bennett.net,145
617,619,,Davies,2000-01-09,Birmingham,od@holloway.info,157
706,706,,Curtis,2014-08-28,Newcastle-pon-Tyne,mcurtis53@simpson.com,180
712,712,,Hall,1993-06-21,York,ah@webster.com,181
712,714,,Hlla,1993-06-21,York,ah@webster.com,181
717,719,,Jones,2022-02-20,Ipswich,mia.j63@martinez.biz,182
722,724,,Jones,2008-02-23,Belfast,isaac.jones54@bradford.net,183
731,734,,May,1976-11-17,Portsmouh,evlynnm@pagm.coe,185
737,737,,Ahmed,2005-09-16,London,oa14@lee.com,187
747,748,,Young,1991-05-13,Birmingham,ellayoung47@cook.com,191
750,750,,Cox,1971-07-20,London,j.c@white.org,192
751,751,,Cx,1971-07-18,oondLn,j.c@wrte.ohg,192
765,768,,Edwards,1971-09-25,Caarfidf,adam.edwards38@bullock-edwards.com,195
769,769,,Eddwards,1971-09-27,Cfrdifa,adam.edwards38@bullock-edwards.com,195
772,772,,Armstrnog,2017-04-23,Peterborough,e.armstrong16@odonnell.info,197
784,784,,Evans,1998-09-06,London,m.e@ford.com,199
792,793,,Taylor,1989-03-11,London,jt40@combs.net,201
792,795,,Taylor,1989-02-09,LLodon,jt40@combs.net,201
797,797,,Taylr,1999-02-07,Lonon,jt40@cotbs.nm,201
798,803,,West,2007-02-17,Southena-on-Sed,aw@thpmoson.com,202
827,828,,Elliott,2008-08-27,Plymouth,maisie.e96@baker.com,208
848,852,,Wells,2000-04-03,Lonndon,m.w@cannonn.com,213
861,863,,Robonson,2009-07-06,Salford,lily.robinson73@peterson.biz,215
872,877,,Bradley,2019-05-23,Liverpool,fb@nelson.com,218
885,885,,Fox,2005-07-09,Southampton,noah.f88@gibson.com,221
947,948,,Pearson,2011-01-07,London,sarahp77@humphrey.com,237
959,960,,Mills,1981-01-03,London,h.m82@hill.com,241
964,964,,Joenes,1992-06-04,Coventry,maryam.j47@myer7s.com,242
971,973,,Armstrong,1980-04-08,Salford,l.armstrong@reyes-campbell.net,245
3,3,Robert,Alen,1971-06-24,Lonon,,0
17,17,Luas,Coox,1991-05-06,London,,7
18,18,Caleb,Rwoe,1992-11-20,Liverpool,,8
31,34,Lola,Brown,1983-11-06,Bradfofrd,,12
37,42,Theodore,Morris,1978-09-18,Birgmhniam,,13
51,51,Jayden,Bennett,2017-01-11,Swansea,,16
60,60,lola,King,1977-04-01,Southend-on-Sea,,18
62,62,Lola,King,1978-04-01,Southena-on-Sed,,18
72,72,Willow,Jones,1990-07-12,Wolverhampton,,21
103,103,Alfie,Griffihs,2009-04-07,Plyoutm,,29
109,111,Oliver,Atkinson,2009-12-21,London,,31
109,113,Oliver,Atkinson,2011-01-21,London,,31
128,128,Barker,Matilda,1990-03-08,Readdng,,36
149,149,Alfie,eKelly,2010-10-09,Birmimghan,,40
151,151,Kelly,Alfie,2010-10-09,Birmingham,,40
154,154,Molly,BBird,2000-03-27,York,,43
165,170,Elizabeth,Wright,1994-02-01,Swansea,,46
177,177,Ellie,Ellis,2015-11-06,London,,48
204,205,Isla,Payne,1997-02-28,Mansfield,,55
208,208,tElliot,PaPge,1979-04-23,Lonon,,56
207,209,Elltiot,Page,1979-04-23,London,,56
215,215,Luca,Sstephens,2010-06-22,Bolon,,57
223,223,Logan,Ferguson,2013-10-15,London,,58
226,227,Julia,Smith,2004-04-27,Luton,,59
231,231,Gegrgoe,Daevies,1977-12-07,Londn,,60
232,232,Gerge,Daviaes,1977-12-07,Londno,,60
236,236,Freya,Shah,1970-12-17,Londodn,,62
236,242,Freya,Shah,1970-12-17,Lonnod,,62
244,248,Joshua,Williams,2012-08-05,Portsmouth,,64
253,253,SoSfia,Russell,2024-08-29,London,,65
254,256,Sofia,Russell,2014-09-03,London,,65
259,260,Oliver,Hughes,1983-03-07,Northampton,,66
269,269,Lyia,Brookks,2016-02-13,Liverpool,,68
283,283,Aisha,Parker,2004-01-14,Londn,,73
285,285,Fdedrie,Bailey,1985-01-05,Huddersfield,,75
286,286,Bailey,Freddie,1985-01-05,Huddersfield,,75
296,296,David,Banks,1986-06-12,BirmBaghnm,,77
302,304,Charlie,Andrews,2023-12-01,Liverpool,,80
314,314,Lily,Wason,1995-06-10,Lonon,,84
325,326,Kai,Turner,2009-11-03,London,,87
335,336,Scatletr,Payne,1974-07-03,Salford,,89
335,338,Scarlett,Payne,1974-06-03,Sralford,,89
342,344,William,Nicholson,2006-12-21,Reading,,92
354,354,JaydJen,Thoms,2009-04-15,Mansfiel,,94
359,359,Mohammed,Fox,1999-04-17,Cardiff,,95
359,361,Mohammed,Fox,2000-04-18,Cardiff,,95
371,371,Reuben,James,1975-07-24,LeicestLe,,97
384,387,Lottie,Davis,1972-06-12,Stockton-onsTee-,,100
389,393,Isaac,James,1991-05-06,London,,101
398,398,James,Dixon,1991-04-12,London,,103
433,435,Hugo,Kaur,1973-03-23,London,,112
439,439,Jacob,Campbell,1987-06-06,Lonnod,,113
444,444,Jacob,Campbell,1997-05-04,London,,113
465,465,Amrbr,Dixon,1995-06-21,Aberdeen,,118
465,470,Dixon,Amber,1995-06-21,Aberdeen,,118
471,471,Caleb,Sctot,1990-12-11,Bristol,,119
485,486,Hannah,Davies,1993-07-24,Birmingham,,122
494,494,Harrison,Nomran,1982-10-18,Miltn,,124
493,495,Harrison,Norman,1982-10-18,Milton,,124
499,499,Olivia,Kah,1971-08-10,Huddersfield,,125
509,509,White,Theo,2001-06-09,Kingston-upon-Hull,,127
510,512,Theo,Wheti,2001-06-09,Kingston-upon-Hull,,127
534,535,Gregory,Freddie,1975-03-31,London,,132
540,540,Harry,Adsrews,2019-03-16,Yorrk,,133
543,543,rarHry,Andrews,2019-04-15,York,,133
554,554,Clark,Violet,2020-02-11,London,,136
568,568,Dixon,Robyn,2017-08-21,London,,139
575,580,Jessica,Owe,1974-12-17,Walsall,,142
582,583,Olivia,Edwards,1988-11-27,Dudley,,144
582,585,Olivia,Edwards,1988-11-27,Dudley,,144
582,587,Olivia,Edwards,1998-12-25,Dudley,,144
593,593,Kirk,Grace,2011-04-15,Edinburgh,,146
594,596,Grace,Kirk,2010-04-15,Edinburgh,,146
599,599,Toby,Haall,2003-04-23,London,,148
604,604,Alfie,King,1996-08-02,Leicester,,150
606,607,Amelia,Porter,2014-08-06,Portsmouth,,152
606,609,Amelia,Porter,2013-08-07,Portsmouth,,152
620,620,Olivia,Davies,2001-02-08,Birmingham,,157
626,626,geeorGe,Davidson,1999-05-07,Southamptn,,158
647,647,Alexander,Shaw,2017-10-27,Mansfield,,164
648,650,Maddison,Jarvis,1974-04-10,Southend-on-Sea,,165
653,655,Dylan,Robert,1990-10-26,Birmingham,,166
659,660,Charlie,Hall,2018-06-26,Biriminghm,,168
675,675,Anna,Willismaon,1984-04-20,Shefeeifld,,172
683,686,Rosie,Johnston,1978-11-23,Sheffield,,175
689,689,King,Olivia,2004-04-17,Newcastle-upon-Tyne,,176
716,716,Mia,Josen,2022-02-22,Ipswich,,182
718,718,Jones,Mia,2021-01-21,Ipswich,,182
736,736,Georgia,Clarke,2016-06-14,Loondon,,186
741,741,Osrac,Ahmd,2005-08-19,London,,187
762,762,Arabella,Marrtin,1984-04-14,London,,194
770,770,Diavid,Shaw,1999-04-14,London,,196
773,777,Eva,Armstorogn,2017-04-23,Peterborough,,197
774,778,Armstrong,Eva,2017-04-23,Peterbotrough,,197
788,788,Fisher,Jackson,2004-11-27,LLoodnn,,200
791,791,Jackson,Fishier,2003-12-28,Londonn,,200
798,800,Arlo,West,2008-03-16,Southend-on-Sea,,202
814,815,Logan,Morgan,1977-01-29,Coventry,,206
817,817,Morgan,Logan,1986-12-29,Coventry,,206
821,822,Noah,RogeRrs,2011-04-07,Swindon,,207
834,834,Mason,Smith,1993-03-13,Kingston-upon-Hull,,209
835,835,Charlotte,Harper,2019-02-14,Plymouth,,210
842,842,Olievr,Waton,2013-08-06,Glasgow,,211
848,848,Michael,Wells,2000-04-03,London,,213
855,855,Theodore,Marshall,1982-07-23,Birmingham,,214
855,860,Theodore,Marshall,1972-07-25,Birmingham,,214
865,865,Lily,RobRison,2009-07-06,Sarofd,,215
874,875,Bradley,Freddie,2019-05-23,Lioerpovl,,218
879,880,Leo,Webster,2013-05-08,Sheffield,,219
892,892,Iy,Leee,1996-06-30,Liverpool,,222
894,894,Jaxon,Rice,1980-02-02,dLondon,,223
898,903,Aira,Cross,1998-12-15,Newcastle-upon-Tyne,,224
908,910,Isabelle,Carter,1997-10-27,Broadford,,227
911,911,Teddy,Mawxell,2011-11-15,Birmingham,,228
911,912,Teddy,Maxlewl,2001-11-15,Birmingham,,228
913,914,Darcy,Rhodes,1979-01-14,Birmngham,,229
924,924,Muhammad,Patterson,2000-12-27,Bournehhoutm,,231
924,925,Muhammad,Patterson,2001-01-26,Bournemouth,,231
937,941,Isabelle,Hall,1984-11-20,Swansea,,235
944,944,Francesca,White,2015-12-07,Hudersfield,,236
951,951,Davies,George,2005-07-21,Middlesbrough,,238
961,963,Maryam,Jones,1992-06-04,Coventry,,242
971,974,Leon,Armstrong,1970-04-11,Salford,,245
7,7,,,2015-03-03,Portsmouth,evied56@harris-bailey.net,3
99,99,,,2018-08-26,Bristol,e.e@ay.cod,28
123,126,,,1973-11-26,Manchester,harleyk@houston.net,35
164,164,,,1985-06-19,London,hollythomson3@levine-jones.com,45
188,188,,,2006-01-25,London,poppy.w33@clark.info,51
199,199,,,2017-10-11,Leeds,arthurbooth25@romero-donovan.com,53
353,357,,,2009-03-16,Mansfield,j.t@pierce.biz,94
368,368,,,2019-08-25,Newcastle-upon-Tyne,samuelcampbell35@hebe3r.com,96
412,412,,,2007-05-06,Londo,emilya@eroberts.com,106
423,423,,,1994-12-12,London,ar20@miller-t2orres.org,110
547,547,,,1991-08-31,London,oliverjones82bond.biz,134
627,627,,,1999-06-06,Sothampton,gdavidron@johnson-bsown.com,158
640,641,,,2005-05-29,Salford,l.webb66@smith.com,161
653,654,,,1990-10-26,Birmingham,droberts73@taylor-lang.com,166
662,667,,,2001-08-19,London,iwilkinson@bush.com,169
737,738,,,2005-09-16,London,oa14@lee.com,187
767,767,,,1972-08-28,Carfiif,adam.edwards38@bullock-edwaods.crm,195
789,789,,,2003-12-28,London,j.fisher4@sullivan.com,200
918,918,,,2002-07-22,London,eviejones@brewer-sparks.org,230
923,923,,,2010-12-25,Bournemouth,muhammadp5@williams.com,231
937,942,,,1985-11-19,Swansea,isabelleh97@lewis-gregory.com,235
961,962,,,1992-06-04,Coventry,maryam.j47@myers.com,242
961,965,,,1992-06-04,Covrnty,maryam.j47@myers.com,242
152,152,Evelyn,,2012-09-07,Norwhi,,41
159,159,Holly,,1985-05-21,London,,45
240,240,Freya,,1970-12-16,noLdon,,62
281,281,Forcnee,,2004-11-02,Plymouth,,72
284,284,Lyli,,1984-07-07,London,,74
291,291,JkJcason,,2009-11-10,Belfast,,76
309,309,Jaxon,,2011-12-04,Newcastle-upon-Tyne,,82
311,311,Charlie,,1975-10-18,Edinburgh,,83
343,343,William,,2006-12-21,ReadRing,,92
374,376,Eliza,,1983-01-12,Glasgow,,98
451,451,Reuben,,1986-12-21,Swwaesna,,115
481,481,Frieddie,,1994-04-24,Bristol,,121
521,523,George,,1980-06-29,London,,129
538,541,Harry,,2019-03-16,York,,133
548,550,Riley,,1984-04-19,Aberdeen,,135
602,602,Toby,,2013-03-21,London,,148
642,642,Lonan,,2006-06-28,Saford,,161
673,673,OOllie,,2006-12-03,Manchester,,170
735,735,Georgi,,2017-05-13,London,,186
850,850,Michael,,2000-04-03,Ldnoon,,213
887,891,Ivy,,1996-05-31,Liverpool,,222
976,976,LLno,,1970-04-11,Salford,,245
22,22,,Green,1974-10-05,Londdon,,10
27,27,,Thomas,1977-10-17,London,,11
35,35,,Bron,1983-11-06,Bradford,,12
51,55,,Bennett,2017-01-11,Swansea,,16
135,136,,Kaur,1999-02-14,Bimingmah,,37
156,156,,Wright,1994-03-28,Manchester,,44
217,217,,Stehesn,2010-06-22,Boolton,,57
252,252,,Ruusesll,2014-09-03,London,,65
276,276,,Tyalor,2017-11-20,Aberdeen,,71
289,289,,Lee,2009-11-10,Belfast,,76
298,298,,Banks,1987-07-11,Birmingham,,77
383,383,,Dviis,1972-06-12,Stockton-on-Tees,,100
469,469,,Dixon,1995-06-21,Anberden,,118
571,571,,Turner,1997-04-24,Glasgow,,140
615,615,,Hopkins,1981-06-16,Londo,,155
652,652,,Roberts,1990-10-26,Birmingham,,166
678,678,,Morgan,1984-04-12,Glaswgow,,173
695,699,,Hunter,1973-09-29,Manchester,,178
715,715,,Joes,2021-01-21,Ipswich,,182
770,771,,Shaw,1999-04-14,Lnodon,,196
775,775,,Armstrong,2017-05-21,Peterborough,,197
810,810,,Byrne,2002-03-02,Stoke-on-Trent,,205
818,818,,Morgan,1977-01-01,Coventry,,206
871,871,,Walton,1996-02-05,Wolverhamtpon,,217
909,909,,Carter,1998-12-26,Bradford,,227
986,986,,Williams,1981-12-17,Birmingham,,247
59,59,,,1978-05-01,Southend-on-Sea,,18
313,313,,,1986-06-11,Londn,,84
713,713,,,2003-06-19,Yrk,,181
725,725,,,2008-02-23,Belfat,,183
907,907,,,2008-09-10,TelforTd,,226
16,16,Lucas,,1991-04-05,,l.c91@perez-gonzalez.com,7
41,41,eTheodroe,,1978-08-19,,t.m39@brooks-sawer.com,13
44,44,Sebastian,,2015-04-04,,s.mitchell39@green.org,14
96,100,Eleanor,,2009-08-25,,e.e@day.com,28
244,249,Joshua,,2003-09-07,,j.williams@levine-johnson.com,64
262,262,Oliver,,1983-04-08,,ohughes@page-kim.info,66
272,272,Arthur,,2001-03-09,,arthurbarrett3@young-estrada.org,69
360,362,Mohammed,,1999-04-17,,mohammedfox24@wilson.com,95
414,414,Poppy,,1973-01-16,,poppy.owen71@diaz.com,107
432,432,Hugo,,1973-03-23,,h.k@sharp.co,112
576,576,Jessica,,1974-11-17,,jesscac.owen@elliott.org,142
575,577,Jessica,,1974-11-17,,jessica.owen@elliott.org,142
669,672,Olie,,2007-01-03,,or@cox-blackwell.org,170
679,680,Elazibeth,,2006-04-21,,e.shaw@smith-hall.biz,174
692,692,Olivia,,2004-04-17,,wolivia.k1@howell.com,176
750,752,Jaes,,1972-07-20,,j.c@white.org,192
779,781,Harvey,,1996-03-25,,harveyrobertson32@chavez.com,198
867,868,Reuben,,2005-10-05,,reubenw@williams-thomas.net,216
968,968,Johpe,,2029-09-11,,josep.d@.bell.com,243
176,179,,lEllis,2005-12-08,,elliee@guzman.com,48
189,189,,Walker,2016-01-23,,poppy.w33@clark.info,51
332,332,,Rchards,2015-07-10,,1.richardse6@finley.info,88
405,406,,Cooke,1996-10-16,,l.cooke@thompson-williams.info,104
427,427,,Scotot,1974-08-21,,a.s@humphrey.com,111
479,479,,Fox,1983-07-12,,poppy.foxo3@rivera.c6m,120
521,522,,OOwen,1980-06-29,,go94@bradshaw-sanders.com,129
563,563,,Clarke,1986-02-13,,oc34@phelps-harper.biz,138
582,586,,Edwardds,1988-12-27,,oe56@lopez.net,144
617,618,,Davies,2010-01-05,,od@holloway.info,157
697,697,,Hunte,1973-09-29,,noahha78@diaz-clarkoc.m,178
792,792,,Tayrlor,1989-02-09,,jt40@combs.net,201
855,856,,Marshall,1972-07-25,,theodore.m@taylor.com,214
872,876,,Bradley,2019-05-23,,fb@nelson.com,218
934,934,,Rnbinsoo,1971-11-18,,lrobinson@wolfo.org,233
6,6,Logan,pMurphy,1973-08-01,,,2
26,29,Thomas,Gabriel,1976-08-15,,,11
50,50,Erin,Roers,2010-03-03,,,15
97,97,nleaEor,Evans,2008-08-27,,,28
135,135,Edard,Kaur,1999-02-14,,,37
142,145,Hrarry,May,1987-10-28,,,39
165,165,Elizabeth,Wright,1994-02-01,,,46
330,330,Eleanor,Richards,2014-07-10,,,88
455,455,Reuben,Davies,1996-12-16,,,115
557,559,Violet,Clark,2020-02-11,,,136
575,575,Jessica,Owen,1974-11-17,,,142
631,631,Mason,Hughes,1990-01-29,,,159
684,684,Rosie,Johnstn,1979-12-23,,,175
690,690,Olivia,King,2004-04-17,,,176
831,831,Smith,Mason,1983-03-16,,,209
847,847,Isabella,Fltceer,2014-04-13,,,212
869,869,Reuebn,Wilson,2005-10-05,,,216
886,886,Nooah,Fox,2006-08-06,,,221
927,927,Amela,Watson,2006-11-26,,,232
983,983,Jessica,Milller,2001-04-21,,,246
989,989,aNncy,Wiliams,1972-02-17,,,247
990,990,Nancy,Williasm,1972-01-18,,,247
991,991,Williams,Nancy,1982-01-14,,,247
106,108,,,2005-08-20,,maisie.walsh@hodge.com,30
462,464,,,2007-02-03,,henry.w@miller-mitchell.info,117
562,562,,,1986-02-13,,oc34r@phelp.-harpersbiz,138
754,754,,,1971-07-20,,j.c@whige.wort,192
881,881,,,1970-07-10,,jbrooks@hall-lwery.net,220
898,902,,,1999-01-14,,a.cross58@browning-nguyen.com,224
258,258,Oliver,,1973-03-09,,,66
267,267,Hnry,,2019-01-31,,,67
525,525,George,,1980-06-29,,,129
7,8,,Dean,2015-03-03,,,3
23,23,,Green,1984-10-03,,,10
416,416,,Brown,1992-02-28,,,108
581,581,,Gordon,1983-07-15,,,143
617,617,,Davies,2000-01-09,,,157
728,728,,Jnes,2018-01-21,,,183
839,839,,Harppe,2018-02-12,,,210
203,203,,,1984-10-27,,,54
449,449,,,1993-07-10,,,114
